Patient #	Sex	Race	Age	Biopsy tissue	Affymetrix ID	Best Clinical Response Assessment	Progression-free survival  # of days	AffyQ AREG expression	AffyQ EREG expression	qRT-PCR AREG dCt	qRT-PCR EREG dCt	Amphiregulin ELISA conc. pg/mL	Epiregulin ELISA conc. ng/mL	qPCR EGFR dCt	KRAS Mutation	Order of sample on Figure 2 graph
1	MALE	WHITE	62	Liver	045FL_05_05	CR	308	2573.74	1659.91	5.80	5.32	1631				1
2	FEMALE	WHITE	38	Liver	045FL_02_09	PD	57	949.81	450.25	7.79	7.20	640	0	UTD	WT	36
3	MALE	OTHER	48	Liver	045FL_10_04	SD	92	3353.93	2336.8	9.58	8.89	0	0	UTD	c.35G>T	7
4	MALE	WHITE	77	Liver	045FL_03_09	SD	50	105.82	89.23	9.35	9.31	34	0	0.288263333	WT	8
5	FEMALE	WHITE	58	Liver	045FL_03_10	UTD	34	1581.54	603.27	6.48	6.20	0	0	-0.386024	c.35G>A	73
6	MALE	WHITE	54	Liver		SD	144					367	3.34			
7	FEMALE	WHITE	52	Liver	045FL_02_01	PD	56	1626.87	668.84	5.40	5.48	4.3	4.135	1.049890333	c.35G>T	32
8	FEMALE	WHITE	51	Abdomen (soft tissue mass)	045FL_07_02	PD	58	122.3	46.36					0.96902		58
9	MALE	WHITE	45	Scalp	045FL_08_04	UTD	40	321.51	56.59	9.20	9.31	7.8	0	-0.407565	c.35G>A	69
10	MALE	WHITE	68	no tissue receieved		SD	205					35	1.646			
11	FEMALE	WHITE	80	Abdomen (soft tissue mass)		SD	156					52	0			
12	FEMALE	WHITE	41	Liver	045FL_09_08	PD	29	177.95	128.85	9.01	8.76			-0.0346885	c.35G>A	67
13	MALE	WHITE	70	Liver	045FL_01_10	PD	57	2550.49	655.04	4.57	5.64	28.5	0	-0.4008605	WT	30
14	MALE	WHITE	63	Liver	045FL_04_06	PR	248	3974.98	1108.91	3.23	4.38	1080	0	0.538470667	WT	2
15	MALE	BLACK/AFRICAN AMERICAN	66	Liver	045FL_01_01	PD	57	1084.91	622.01	5.35	5.46			0.422224333	WT	26
16	MALE	WHITE	67	Liver	045FL_05_02	PD	50	611.84	573.66	6.17	5.60	15.3		0.212241	WT	47
17	FEMALE	WHITE	56	Liver	045FL_07_04	SD	45	955.24	292.33	6.22	7.30			0.644563	WT	11
18	MALE	WHITE	89	Adrenal gland; Kidney	045FL_06_07	PR	197	5083.12	1166.18			7.4	2.114	0.276165	WT	5
19	MALE	WHITE	71	no tissue receieved		PD	35					52.2				
20	FEMALE	WHITE	70	Liver	045FL_06_05	SD	120	2481.22	1154.9	4.56	4.99			-0.727612	WT	12
21	MALE	WHITE	52	Liver	045FL_04_07	SD	159	2527.86	1395.95	5.37	4.35			0.647563667	WT	13
22	MALE	WHITE	52	Lung		SD	85								WT	
23	FEMALE	WHITE	62	Vaginal cuff		PD	57								c.35G>A	
24	MALE	BLACK/AFRICAN AMERICAN	56	Liver	045FL_08_08	PD	41	402.53	419.27	9.34	6.14			UTD	c.35G>A	62
25	MALE	WHITE	56	Lung	045FL_02_08	PR	245	3395.09	1447.49	3.76	4.14	83	0	-1.093255667	WT	3
26	FEMALE	BLACK/AFRICAN AMERICAN	58	Liver	045FL_02_10	PD	63	2134.23	906.03	7.11	6.45	6.1	0	1.971365667	c.35G>T	37
27	MALE	WHITE	46	Rectum	045FL_01_03	PD	67	1163.17	100.48	6.39	9.52	3.6	0	-0.060911	c.35G>T	27
28	FEMALE	BLACK/AFRICAN AMERICAN	70	Liver	045FL_08_07	UTD	42	1086.48	113.14	UTD	UTD	185	0	0.900732333	WT	70
29	FEMALE	BLACK/AFRICAN AMERICAN	71	Liver	045FL_04_04	UTD	52	301.36	241.05	8.82	8.30	167	3.41	-0.071580667	WT	74
30	MALE	WHITE	59	Liver	045FL_03_08	SD	123	4414.67	1331.61	3.77	4.67	30	0	0.594731	WT	14
31	FEMALE	OTHER	65	Bone	045FL_03_04	SD	120	609.57	62.96			45	0	1.123312	c.35G>A	15
32	FEMALE	WHITE	60	Pelvis		PD	125					7.8	0		WT	
33	MALE	BLACK/AFRICAN AMERICAN	81	Liver	045FL_10_01	PD	58	901.86	459.6	8.30	7.43	15		-0.129747667	WT	68
34	MALE	WHITE	46	Liver		PD	57					0	0		WT	
35	MALE	WHITE	57	Liver	045FL_06_02	PR	165	3332.21	2042.92	5.17	3.47	260	0	2.850667	WT	6
36	MALE	WHITE	84	Liver	045FL_05_03	PD	49	42.03	78.71	11.81	9.19	26	0	1.034144	WT	48
37	MALE	WHITE	58	Liver		SD	126								WT	
38	MALE	WHITE	58	Liver		PD	64					12.4	0.395		c.35G>C	
39	MALE	WHITE	56	Liver	045FL_10_05	PR	250	1418.75	2411.15	4.91	3.40	142	0	UTD	WT	4
40	MALE	WHITE	53	Liver	045FL_09_01	UTD	57	872.72	469.76	6.32	5.55	33	0	UTD	c.35G>A	71
41	MALE	ASIAN	62	Liver	045FL_01_09	SD	116	1384.71	632.61	5.75	5.60	147	0	-1.293232	na	9
42	MALE	WHITE	80	Liver	045FL_07_03	PD	59	503.53	206.2	6.83	7.10	192	3.434	-0.451993333	na	59
43	MALE	WHITE	77	Liver	045FL_08_03	PD	52	75.64	50.98	10.33	9.52	97	4.337			61
44	FEMALE	BLACK/AFRICAN AMERICAN	60	Liver	045FL_03_05	PD	54	1879.09	587.4	7.50	7.25	31	0	0.233800333	na	41
45	FEMALE	BLACK/AFRICAN AMERICAN	63	Liver	045FL_02_05	PD	22	471.68	36.46	5.60	4.77	55	0.963			34
46	FEMALE	WHITE	58	Liver	045FL_06_06	PD	15	39.27	8.15	12.33	13.18	116	0	-0.050158333	WT	55
47	FEMALE	ASIAN	70	Liver	045FL_04_01	PD	60	111.94	107.83	10.02	8.30			-0.099274667	WT	43
48	MALE	WHITE	66	Pelvic		PD	64					0	0		na	
49	MALE	WHITE	78	Liver		PR	453					30	0		na	
50	FEMALE	WHITE	58	Liver	045FL_05_09	PD	57	1464.45	298.7	5.94	7.16	77	0		WT	51
51	FEMALE	WHITE	69	Liver 	045FL_07_08	SD	180	5533.18	2232.8			85	0		na	10
52	MALE	WHITE	39	Abdomen	045FL_06_03	PD	58	236.8	42.59	8.96	UTD					54
53	MALE	WHITE	63	Liver	045FL_08_10	SD	253	1416.68	819.85					-0.401843	WT	16
54	MALE	WHITE	54	Colon	045FL_03_06	PD	70	719.16	550.72	6.38	5.90	168	6.35	0.410426333	c.35G>A	42
55	MALE	WHITE	32	no tissue receieved		PD	64					3	0			
56	MALE	WHITE	61	Liver	045FL_10_06	UTD	391	127.95	12.85	9.86	10.64	14.6	0	-0.465601	c.35G>A	72
57	MALE	WHITE	67	Liver	045FL_02_04	PD	61	331.54	307.55	8.22	6.83	165		1.3522125	WT	33
58	FEMALE	BLACK/AFRICAN AMERICAN	49	Liver	045FL_09_05	PD	24	936.71	64.49	8.28	10.95	50	0	0.0154495	WT	65
59	MALE	WHITE	72	Lung	045FL_02_06	PD	62	132.01	28.72	10.55	12.04	72	0	-0.325389	c.35G>A	35
60	FEMALE	WHITE	57	Lung	045FL_01_08	UTD	7	760.08	221.16	6.27	8.55	182		UTD		75
61	MALE	WHITE		Liver	045FL_01_04	PD	56	162.74	71.16	10.21	11.17	18.3	0.338	-0.834792667	WT	28
62	MALE	WHITE		Rib	045FL_10_10	UTD	59	865.02	258.5	7.95	8.94	137	0	0.207871667	c.34G>A	76
63	FEMALE	WHITE	54	Liver	045FL_04_10	PD	59	489.57	224.81	8.17	7.70	37	0.837	-0.215202667	c.35G>T	46
64	FEMALE	BLACK/AFRICAN AMERICAN	50	Liver	045FL_03_01	PD	51	813.24	529.95	7.16	6.79	24.1	0	0.218687333	c.35G>A	38
65	MALE	WHITE	72	no tissue receieved		PD	52					45	0			
66	FEMALE	WHITE	48	no tissue receieved		PD	36					46	0			
67	MALE	WHITE	67	Liver	045FL_08_01	PD	59	1556.84	703.23	5.70	5.40	421	1.415	0.306239	c.35G>C	60
68	FEMALE	WHITE	79	no tissue receieved		SD	183					105	0.324			
69	FEMALE	WHITE	78	Liver	045FL_07_01	PD	60	1646.55	1127.43	6.44	5.39	41	0	-0.123296333	WT	57
70	MALE	WHITE	57	Abdomen (soft tissue mass)		PD	37					254	1.251			
71	FEMALE	WHITE	59	Liver	045FL_06_08	PD	57	27.71	1.05	13.23	UTD	81.1	0.327	1.036168	WT	56
72	FEMALE	WHITE	63	Liver	045FL_05_07	PD	58	1182.47	76.66	7.48	10.91	36	0	-0.702197667	c.34G>A	50
73	FEMALE	WHITE	73	no tissue receieved		PD	64					31.2	0			
74	FEMALE	WHITE	41	Pancreas	045FL_04_05	PD	58	532.55	171.22	8.87	8.79			2.7648295	c.35G>C	45
75	FEMALE	WHITE	49	Liver	045FL_08_09	PD	66	12.43	13.62	UTD	13.67	139	0	0.036508	WT	63
76	MALE	WHITE	79	Liver	045FL_04_09	SD	156	2809.16	804.93	6.13	5.20			0.636490333	WT	17
77	FEMALE	WHITE	59	Liver	045FL_05_01	UTD	123	1656.76	665.01	6.14	5.07			0.235648333	c.38G>A	77
78	MALE	WHITE	75	Abdomen (possibly rectal)	045FL_10_03	SD	183	18.88	2.2	10.67	12.31	27	0	2.116117667	WT	18
79	MALE	WHITE	44	Cervical-Neck node	045FL_07_06	SD	208	1479.28	799.93	5.74	6.28			-0.841573333	WT	19
80	MALE	WHITE	57	Liver	045FL_06_01	PD	42	1034.32	384.07	6.64	7.29			1.326756333	WT	53
81	FEMALE	WHITE	61	Liver	045FL_09_04	UTD	1	24.18	15.47	UTD	UTD			-0.418478	WT	78
82	MALE	WHITE	53	Liver	045FL_07_10	UTD	56	54.13	11.49	9.44	11.32	65	1.375	1.0880595	WT	79
83	FEMALE	WHITE	25	Liver	045FL_10_02	SD	122	1554.57	646.2	5.23	5.86	265	0	2.382987333	WT	20
84	FEMALE	WHITE	75	Rectal	045FL_06_10	SD	147	3536.88	1764.91	5.82	3.45	257	0	1.28171	WT	21
85	FEMALE	WHITE	61	Chest LN		SD	128								WT	
86	FEMALE	WHITE	61	Abdomen	045FL_08_02	SD	199	6390.33	3078.94	3.47	4.02			-0.894915	WT	22
87	MALE	WHITE	73	no tissue receieved		PD	58					12.4				
88	MALE	WHITE	73	Liver	045FL_03_03	PD	60	801.39	486.2	6.81	7.14			UTD	WT	40
89	FEMALE	WHITE	82	Abdomen		SD	50					20			c.35G>A	
90	MALE	WHITE	77	Liver	045FL_10_09	UTD	1	1945.99	240.5	8.21	10.16	124	0.773	0.797657	c.38G>A	80
91	FEMALE	WHITE	72	Abdomen	045FL_09_03	PD	62	1984.72	897.89	4.21	4.31	21	0	0.631012667	c.35G>T	64
92	FEMALE	WHITE	26	Liver	045FL_02_03	SD	115	5830.27	1980.37	2.58	3.11	1665	0	-0.894588	WT	23
93	MALE	WHITE	72	Liver	045FL_01_05	PD	59	2321	784.77	5.41	5.21			-0.101225667	c.35G>T	29
94	FEMALE	WHITE	68	Lung		PD	58					8.9	0		WT	
95	MALE	WHITE	81	Liver	045FL_09_06	PD	61	1095.66	468.77	9.03	7.75	318		-0.019353	c.38G>A	66
96	MALE	ASIAN	34	Abdomen	045FL_05_04	PD	59	442.29	77.8	9.84	10.39	3.1		0.331887	c.35G>A	49
97	MALE	WHITE	59	Liver	045FL_02_02	SD	185	1610.75	442.09	5.25	6.21	21		0.0749035	WT	24
98	FEMALE	WHITE	49	Liver	045FL_01_07	SD	121	2615.62	1113.89	5.67	7.03	216	0	-0.566154333	WT	25
99	MALE	WHITE	50	Liver	045FL_04_03	PD	61	1737.75	694.22	6.05	7.01	110	0	UTD	WT	44
100	MALE	WHITE		Liver		SD	248					514	0		WT	
101	FEMALE	WHITE	73	Liver	045FL_03_02	PD	60	2271.37	634.05	5.32	5.61	104	0	0.1058235	c.35G>A	39
102	FEMALE	WHITE	79	Liver	045FL_05_10	PD	59	1858.06	870.14	6.27	6.34	415	0	0.667077	c.35G>A	52
103	MALE	WHITE	76	Abdomen	045FL_01_11	PD	61	1018.25	859.41	8.08	5.91	14	0	-0.730021	WT	31
																
																
																
																
																
																
																
																
																
																
																
																
																
																
																
																
																
																
																
																
																
																
																
																
																
																
																
																
																
																
																
																
																
																
																
																
																
																
																
																
																
																
																
																
																
																
																
																
																
																
																
																
																
																